student_id,student_name,course_id,course_name,student_attendance,course_score,section,classroom
S1000,Angela Garrison,CS101,Linear Algebra,93.66,61.55,A,Room 101
S1000,Angela Garrison,CS102,Advanced Mathematics,87.27,66.64,A,Room 101
S1000,Angela Garrison,CS103,Data Structures,90.45,63.3,A,Room 101
S1000,Angela Garrison,CS104,Discrete Mathematics,93.13,76.16,A,Room 101
S1000,Angela Garrison,CS105,C Language,91.71,81.66,A,Room 101
S1000,Angela Garrison,CS106,Python Programming,77.66,62.22,A,Room 101
S1001,April Smith,CS101,Linear Algebra,79.61,69.39,A,Room 101
S1001,April Smith,CS102,Advanced Mathematics,81.96,62.21,A,Room 101
S1001,April Smith,CS103,Data Structures,82.27,76.53,A,Room 101
S1001,April Smith,CS104,Discrete Mathematics,77.83,77.93,A,Room 101
S1001,April Smith,CS105,C Language,73.64,75.37,A,Room 101
S1001,April Smith,CS106,Python Programming,83.53,84.92,A,Room 101
S1002,Walter Williams,CS101,Linear Algebra,89.19,68.85,A,Room 101
S1002,Walter Williams,CS102,Advanced Mathematics,68.24,61.81,A,Room 101
S1002,Walter Williams,CS103,Data Structures,79.6,47.32,A,Room 101
S1002,Walter Williams,CS104,Discrete Mathematics,80.35,66.03,A,Room 101
S1002,Walter Williams,CS105,C Language,98.41,52.01,A,Room 101
S1002,Walter Williams,CS106,Python Programming,76.61,59.92,A,Room 101
S1003,Anthony Collins,CS101,Linear Algebra,69.58,52.74,A,Room 101
S1003,Anthony Collins,CS102,Advanced Mathematics,87.55,51.0,A,Room 101
S1003,Anthony Collins,CS103,Data Structures,85.05,52.77,A,Room 101
S1003,Anthony Collins,CS104,Discrete Mathematics,77.54,100.0,A,Room 101
S1003,Anthony Collins,CS105,C Language,92.16,79.3,A,Room 101
S1003,Anthony Collins,CS106,Python Programming,88.18,77.87,A,Room 101
S1004,Kyle Lewis,CS101,Linear Algebra,60.6,55.29,A,Room 101
S1004,Kyle Lewis,CS102,Advanced Mathematics,98.32,73.85,A,Room 101
S1004,Kyle Lewis,CS103,Data Structures,82.52,90.42,A,Room 101
S1004,Kyle Lewis,CS104,Discrete Mathematics,100.0,60.13,A,Room 101
S1004,Kyle Lewis,CS105,C Language,76.74,49.97,A,Room 101
S1004,Kyle Lewis,CS106,Python Programming,79.53,83.91,A,Room 101
S1005,Roger Ellis,CS101,Linear Algebra,77.01,79.07,A,Room 101
S1005,Roger Ellis,CS102,Advanced Mathematics,72.7,43.19,A,Room 101
S1005,Roger Ellis,CS103,Data Structures,90.99,75.91,A,Room 101
S1005,Roger Ellis,CS104,Discrete Mathematics,84.51,66.9,A,Room 101
S1005,Roger Ellis,CS105,C Language,96.44,88.24,A,Room 101
S1005,Roger Ellis,CS106,Python Programming,89.49,48.67,A,Room 101
S1006,Chelsey Cross,CS101,Linear Algebra,92.57,55.57,A,Room 101
S1006,Chelsey Cross,CS102,Advanced Mathematics,74.83,100.0,A,Room 101
S1006,Chelsey Cross,CS103,Data Structures,93.72,95.55,A,Room 101
S1006,Chelsey Cross,CS104,Discrete Mathematics,91.69,71.58,A,Room 101
S1006,Chelsey Cross,CS105,C Language,79.69,74.52,A,Room 101
S1006,Chelsey Cross,CS106,Python Programming,84.5,38.87,A,Room 101
S1007,Kelli Mendez,CS101,Linear Algebra,75.72,93.61,A,Room 101
S1007,Kelli Mendez,CS102,Advanced Mathematics,77.19,82.32,A,Room 101
S1007,Kelli Mendez,CS103,Data Structures,79.11,76.24,A,Room 101
S1007,Kelli Mendez,CS104,Discrete Mathematics,87.35,64.06,A,Room 101
S1007,Kelli Mendez,CS105,C Language,79.93,58.42,A,Room 101
S1007,Kelli Mendez,CS106,Python Programming,62.87,75.9,A,Room 101
S1008,Perry Higgins,CS101,Linear Algebra,87.5,61.12,A,Room 101
S1008,Perry Higgins,CS102,Advanced Mathematics,78.88,57.04,A,Room 101
S1008,Perry Higgins,CS103,Data Structures,75.5,70.83,A,Room 101
S1008,Perry Higgins,CS104,Discrete Mathematics,100.0,59.75,A,Room 101
S1008,Perry Higgins,CS105,C Language,82.89,76.99,A,Room 101
S1008,Perry Higgins,CS106,Python Programming,92.01,77.02,A,Room 101
S1009,Anthony Cohen,CS101,Linear Algebra,83.76,74.04,A,Room 101
S1009,Anthony Cohen,CS102,Advanced Mathematics,89.24,78.9,A,Room 101
S1009,Anthony Cohen,CS103,Data Structures,91.21,79.31,A,Room 101
S1009,Anthony Cohen,CS104,Discrete Mathematics,85.53,63.44,A,Room 101
S1009,Anthony Cohen,CS105,C Language,73.1,78.43,A,Room 101
S1009,Anthony Cohen,CS106,Python Programming,100.0,51.28,A,Room 101
S1010,Maxwell Schmidt,CS101,Linear Algebra,92.84,70.0,A,Room 101
S1010,Maxwell Schmidt,CS102,Advanced Mathematics,94.12,81.37,A,Room 101
S1010,Maxwell Schmidt,CS103,Data Structures,82.9,100.0,A,Room 101
S1010,Maxwell Schmidt,CS104,Discrete Mathematics,81.9,55.99,A,Room 101
S1010,Maxwell Schmidt,CS105,C Language,100.0,70.46,A,Room 101
S1010,Maxwell Schmidt,CS106,Python Programming,74.43,92.42,A,Room 101
S1011,Christopher Burns,CS101,Linear Algebra,97.21,97.75,A,Room 101
S1011,Christopher Burns,CS102,Advanced Mathematics,93.82,68.54,A,Room 101
S1011,Christopher Burns,CS103,Data Structures,80.48,85.41,A,Room 101
S1011,Christopher Burns,CS104,Discrete Mathematics,96.28,65.14,A,Room 101
S1011,Christopher Burns,CS105,C Language,100.0,37.5,A,Room 101
S1011,Christopher Burns,CS106,Python Programming,81.07,65.12,A,Room 101
S1012,Lisa Campbell,CS101,Linear Algebra,91.34,89.64,A,Room 101
S1012,Lisa Campbell,CS102,Advanced Mathematics,61.97,68.34,A,Room 101
S1012,Lisa Campbell,CS103,Data Structures,64.92,73.06,A,Room 101
S1012,Lisa Campbell,CS104,Discrete Mathematics,100.0,84.36,A,Room 101
S1012,Lisa Campbell,CS105,C Language,81.63,61.59,A,Room 101
S1012,Lisa Campbell,CS106,Python Programming,85.31,73.93,A,Room 101
S1013,Matthew Lara,CS101,Linear Algebra,92.03,65.61,A,Room 101
S1013,Matthew Lara,CS102,Advanced Mathematics,84.4,90.1,A,Room 101
S1013,Matthew Lara,CS103,Data Structures,64.68,75.55,A,Room 101
S1013,Matthew Lara,CS104,Discrete Mathematics,90.02,30.0,A,Room 101
S1013,Matthew Lara,CS105,C Language,92.19,68.86,A,Room 101
S1013,Matthew Lara,CS106,Python Programming,80.98,90.22,A,Room 101
S1014,Debra Olson,CS101,Linear Algebra,53.14,75.47,A,Room 101
S1014,Debra Olson,CS102,Advanced Mathematics,90.46,44.41,A,Room 101
S1014,Debra Olson,CS103,Data Structures,83.62,73.77,A,Room 101
S1014,Debra Olson,CS104,Discrete Mathematics,81.37,76.66,A,Room 101
S1014,Debra Olson,CS105,C Language,79.61,72.65,A,Room 101
S1014,Debra Olson,CS106,Python Programming,67.53,43.95,A,Room 101
S1015,Tiffany Martin,CS101,Linear Algebra,79.14,56.64,A,Room 101
S1015,Tiffany Martin,CS102,Advanced Mathematics,93.12,51.02,A,Room 101
S1015,Tiffany Martin,CS103,Data Structures,86.62,66.45,A,Room 101
S1015,Tiffany Martin,CS104,Discrete Mathematics,78.6,61.24,A,Room 101
S1015,Tiffany Martin,CS105,C Language,98.74,49.45,A,Room 101
S1015,Tiffany Martin,CS106,Python Programming,80.88,82.04,A,Room 101
S1016,Lauren Keith,CS101,Linear Algebra,82.94,66.15,A,Room 101
S1016,Lauren Keith,CS102,Advanced Mathematics,83.77,73.02,A,Room 101
S1016,Lauren Keith,CS103,Data Structures,81.6,62.15,A,Room 101
S1016,Lauren Keith,CS104,Discrete Mathematics,77.51,69.91,A,Room 101
S1016,Lauren Keith,CS105,C Language,81.43,69.72,A,Room 101
S1016,Lauren Keith,CS106,Python Programming,73.59,56.83,A,Room 101
S1017,James Smith,CS101,Linear Algebra,68.04,99.89,A,Room 101
S1017,James Smith,CS102,Advanced Mathematics,80.59,80.79,A,Room 101
S1017,James Smith,CS103,Data Structures,100.0,58.13,A,Room 101
S1017,James Smith,CS104,Discrete Mathematics,89.06,56.53,A,Room 101
S1017,James Smith,CS105,C Language,99.98,60.99,A,Room 101
S1017,James Smith,CS106,Python Programming,76.17,45.8,A,Room 101
S1018,Alexander Holland,CS101,Linear Algebra,89.79,83.78,A,Room 101
S1018,Alexander Holland,CS102,Advanced Mathematics,76.05,84.28,A,Room 101
S1018,Alexander Holland,CS103,Data Structures,83.76,58.98,A,Room 101
S1018,Alexander Holland,CS104,Discrete Mathematics,81.09,62.75,A,Room 101
S1018,Alexander Holland,CS105,C Language,81.09,71.66,A,Room 101
S1018,Alexander Holland,CS106,Python Programming,95.3,74.11,A,Room 101
S1019,Jacob Massey MD,CS101,Linear Algebra,97.35,45.47,A,Room 101
S1019,Jacob Massey MD,CS102,Advanced Mathematics,54.36,78.1,A,Room 101
S1019,Jacob Massey MD,CS103,Data Structures,86.56,64.57,A,Room 101
S1019,Jacob Massey MD,CS104,Discrete Mathematics,95.25,68.77,A,Room 101
S1019,Jacob Massey MD,CS105,C Language,86.01,63.07,A,Room 101
S1019,Jacob Massey MD,CS106,Python Programming,93.36,90.09,A,Room 101
S1020,Daniel Stephens,CS101,Linear Algebra,87.52,68.27,A,Room 101
S1020,Daniel Stephens,CS102,Advanced Mathematics,87.08,65.16,A,Room 101
S1020,Daniel Stephens,CS103,Data Structures,100.0,75.63,A,Room 101
S1020,Daniel Stephens,CS104,Discrete Mathematics,91.12,57.33,A,Room 101
S1020,Daniel Stephens,CS105,C Language,73.77,60.07,A,Room 101
S1020,Daniel Stephens,CS106,Python Programming,80.33,49.18,A,Room 101
S1021,Jeffery Cooper,CS101,Linear Algebra,73.18,64.22,A,Room 101
S1021,Jeffery Cooper,CS102,Advanced Mathematics,75.15,65.24,A,Room 101
S1021,Jeffery Cooper,CS103,Data Structures,75.66,70.33,A,Room 101
S1021,Jeffery Cooper,CS104,Discrete Mathematics,100.0,55.49,A,Room 101
S1021,Jeffery Cooper,CS105,C Language,89.3,69.91,A,Room 101
S1021,Jeffery Cooper,CS106,Python Programming,81.59,56.24,A,Room 101
S1022,Matthew Moore,CS101,Linear Algebra,100.0,64.23,A,Room 101
S1022,Matthew Moore,CS102,Advanced Mathematics,84.73,70.67,A,Room 101
S1022,Matthew Moore,CS103,Data Structures,95.84,64.02,A,Room 101
S1022,Matthew Moore,CS104,Discrete Mathematics,96.6,93.95,A,Room 101
S1022,Matthew Moore,CS105,C Language,77.29,71.22,A,Room 101
S1022,Matthew Moore,CS106,Python Programming,87.05,81.73,A,Room 101
S1023,Dennis Reyes MD,CS101,Linear Algebra,73.17,100.0,A,Room 101
S1023,Dennis Reyes MD,CS102,Advanced Mathematics,93.16,71.21,A,Room 101
S1023,Dennis Reyes MD,CS103,Data Structures,82.23,89.84,A,Room 101
S1023,Dennis Reyes MD,CS104,Discrete Mathematics,88.52,80.73,A,Room 101
S1023,Dennis Reyes MD,CS105,C Language,90.02,48.68,A,Room 101
S1023,Dennis Reyes MD,CS106,Python Programming,100.0,68.75,A,Room 101
S1024,Deanna Nicholson,CS101,Linear Algebra,74.51,51.53,A,Room 101
S1024,Deanna Nicholson,CS102,Advanced Mathematics,81.29,75.08,A,Room 101
S1024,Deanna Nicholson,CS103,Data Structures,84.05,95.67,A,Room 101
S1024,Deanna Nicholson,CS104,Discrete Mathematics,79.25,65.4,A,Room 101
S1024,Deanna Nicholson,CS105,C Language,87.82,50.68,A,Room 101
S1024,Deanna Nicholson,CS106,Python Programming,81.26,68.88,A,Room 101
S1025,Angela Miller,CS101,Linear Algebra,100.0,87.76,A,Room 101
S1025,Angela Miller,CS102,Advanced Mathematics,73.62,91.25,A,Room 101
S1025,Angela Miller,CS103,Data Structures,97.56,67.93,A,Room 101
S1025,Angela Miller,CS104,Discrete Mathematics,74.26,68.62,A,Room 101
S1025,Angela Miller,CS105,C Language,79.55,50.36,A,Room 101
S1025,Angela Miller,CS106,Python Programming,74.42,44.79,A,Room 101
S1026,Allison Johnson,CS101,Linear Algebra,89.23,73.16,A,Room 101
S1026,Allison Johnson,CS102,Advanced Mathematics,72.56,57.49,A,Room 101
S1026,Allison Johnson,CS103,Data Structures,93.24,96.1,A,Room 101
S1026,Allison Johnson,CS104,Discrete Mathematics,92.06,46.76,A,Room 101
S1026,Allison Johnson,CS105,C Language,83.95,84.4,A,Room 101
S1026,Allison Johnson,CS106,Python Programming,79.93,65.15,A,Room 101
S1027,Emily Allen,CS101,Linear Algebra,100.0,78.88,A,Room 101
S1027,Emily Allen,CS102,Advanced Mathematics,79.81,84.29,A,Room 101
S1027,Emily Allen,CS103,Data Structures,93.78,59.31,A,Room 101
S1027,Emily Allen,CS104,Discrete Mathematics,90.98,54.57,A,Room 101
S1027,Emily Allen,CS105,C Language,91.48,63.88,A,Room 101
S1027,Emily Allen,CS106,Python Programming,81.68,73.34,A,Room 101
S1028,Ashley Frey,CS101,Linear Algebra,70.5,62.79,A,Room 101
S1028,Ashley Frey,CS102,Advanced Mathematics,67.88,55.59,A,Room 101
S1028,Ashley Frey,CS103,Data Structures,68.24,72.13,A,Room 101
S1028,Ashley Frey,CS104,Discrete Mathematics,86.92,82.2,A,Room 101
S1028,Ashley Frey,CS105,C Language,100.0,59.74,A,Room 101
S1028,Ashley Frey,CS106,Python Programming,72.53,64.15,A,Room 101
S1029,Amanda Terry,CS101,Linear Algebra,63.27,100.0,A,Room 101
S1029,Amanda Terry,CS102,Advanced Mathematics,74.43,57.04,A,Room 101
S1029,Amanda Terry,CS103,Data Structures,80.91,72.98,A,Room 101
S1029,Amanda Terry,CS104,Discrete Mathematics,93.6,86.82,A,Room 101
S1029,Amanda Terry,CS105,C Language,69.06,42.38,A,Room 101
S1029,Amanda Terry,CS106,Python Programming,64.86,59.0,A,Room 101
S1030,Carolyn Henson,CS101,Linear Algebra,94.87,66.08,A,Room 101
S1030,Carolyn Henson,CS102,Advanced Mathematics,89.84,81.87,A,Room 101
S1030,Carolyn Henson,CS103,Data Structures,85.82,38.17,A,Room 101
S1030,Carolyn Henson,CS104,Discrete Mathematics,99.82,47.41,A,Room 101
S1030,Carolyn Henson,CS105,C Language,79.45,72.74,A,Room 101
S1030,Carolyn Henson,CS106,Python Programming,75.43,67.08,A,Room 101
S1031,Ashley Moore,CS101,Linear Algebra,66.59,62.42,A,Room 101
S1031,Ashley Moore,CS102,Advanced Mathematics,74.26,68.45,A,Room 101
S1031,Ashley Moore,CS103,Data Structures,93.85,73.65,A,Room 101
S1031,Ashley Moore,CS104,Discrete Mathematics,75.73,99.08,A,Room 101
S1031,Ashley Moore,CS105,C Language,76.21,67.98,A,Room 101
S1031,Ashley Moore,CS106,Python Programming,98.0,57.46,A,Room 101
S1032,Briana Garcia,CS101,Linear Algebra,92.65,62.3,A,Room 101
S1032,Briana Garcia,CS102,Advanced Mathematics,73.21,41.29,A,Room 101
S1032,Briana Garcia,CS103,Data Structures,70.94,47.65,A,Room 101
S1032,Briana Garcia,CS104,Discrete Mathematics,86.86,54.83,A,Room 101
S1032,Briana Garcia,CS105,C Language,95.06,65.49,A,Room 101
S1032,Briana Garcia,CS106,Python Programming,82.27,85.84,A,Room 101
S1033,Evan Johnson,CS101,Linear Algebra,80.36,67.61,A,Room 101
S1033,Evan Johnson,CS102,Advanced Mathematics,89.56,71.73,A,Room 101
S1033,Evan Johnson,CS103,Data Structures,86.5,85.06,A,Room 101
S1033,Evan Johnson,CS104,Discrete Mathematics,95.62,71.05,A,Room 101
S1033,Evan Johnson,CS105,C Language,92.75,58.07,A,Room 101
S1033,Evan Johnson,CS106,Python Programming,72.66,73.54,A,Room 101
S1034,Brian Wise,CS101,Linear Algebra,78.31,100.0,B,Room 102
S1034,Brian Wise,CS102,Advanced Mathematics,76.7,57.54,B,Room 102
S1034,Brian Wise,CS103,Data Structures,95.66,77.11,B,Room 102
S1034,Brian Wise,CS104,Discrete Mathematics,78.47,100.0,B,Room 102
S1034,Brian Wise,CS105,C Language,95.74,56.76,B,Room 102
S1034,Brian Wise,CS106,Python Programming,82.74,84.09,B,Room 102
S1035,Terry Peterson,CS101,Linear Algebra,84.32,62.21,B,Room 102
S1035,Terry Peterson,CS102,Advanced Mathematics,86.85,47.01,B,Room 102
S1035,Terry Peterson,CS103,Data Structures,100.0,52.18,B,Room 102
S1035,Terry Peterson,CS104,Discrete Mathematics,95.59,83.64,B,Room 102
S1035,Terry Peterson,CS105,C Language,93.46,54.8,B,Room 102
S1035,Terry Peterson,CS106,Python Programming,100.0,74.31,B,Room 102
S1036,Kenneth Brown,CS101,Linear Algebra,70.33,54.76,B,Room 102
S1036,Kenneth Brown,CS102,Advanced Mathematics,81.15,77.65,B,Room 102
S1036,Kenneth Brown,CS103,Data Structures,86.84,98.09,B,Room 102
S1036,Kenneth Brown,CS104,Discrete Mathematics,89.86,55.65,B,Room 102
S1036,Kenneth Brown,CS105,C Language,81.01,100.0,B,Room 102
S1036,Kenneth Brown,CS106,Python Programming,75.73,81.06,B,Room 102
S1037,Bradley Brooks DDS,CS101,Linear Algebra,99.24,83.41,B,Room 102
S1037,Bradley Brooks DDS,CS102,Advanced Mathematics,95.44,37.11,B,Room 102
S1037,Bradley Brooks DDS,CS103,Data Structures,81.78,91.45,B,Room 102
S1037,Bradley Brooks DDS,CS104,Discrete Mathematics,74.55,36.36,B,Room 102
S1037,Bradley Brooks DDS,CS105,C Language,100.0,68.7,B,Room 102
S1037,Bradley Brooks DDS,CS106,Python Programming,76.45,69.13,B,Room 102
S1038,Jeremiah Davis,CS101,Linear Algebra,66.44,67.03,B,Room 102
S1038,Jeremiah Davis,CS102,Advanced Mathematics,90.8,52.9,B,Room 102
S1038,Jeremiah Davis,CS103,Data Structures,66.1,56.82,B,Room 102
S1038,Jeremiah Davis,CS104,Discrete Mathematics,76.35,47.93,B,Room 102
S1038,Jeremiah Davis,CS105,C Language,97.43,65.93,B,Room 102
S1038,Jeremiah Davis,CS106,Python Programming,78.84,77.56,B,Room 102
S1039,Makayla Nguyen,CS101,Linear Algebra,91.85,78.49,B,Room 102
S1039,Makayla Nguyen,CS102,Advanced Mathematics,79.42,99.07,B,Room 102
S1039,Makayla Nguyen,CS103,Data Structures,100.0,70.93,B,Room 102
S1039,Makayla Nguyen,CS104,Discrete Mathematics,77.73,67.9,B,Room 102
S1039,Makayla Nguyen,CS105,C Language,69.7,44.55,B,Room 102
S1039,Makayla Nguyen,CS106,Python Programming,89.22,56.47,B,Room 102
S1040,Mitchell Barker,CS101,Linear Algebra,57.77,55.6,B,Room 102
S1040,Mitchell Barker,CS102,Advanced Mathematics,76.7,79.33,B,Room 102
S1040,Mitchell Barker,CS103,Data Structures,93.32,89.94,B,Room 102
S1040,Mitchell Barker,CS104,Discrete Mathematics,78.54,55.16,B,Room 102
S1040,Mitchell Barker,CS105,C Language,84.29,50.31,B,Room 102
S1040,Mitchell Barker,CS106,Python Programming,90.47,78.98,B,Room 102
S1041,Alyssa Long,CS101,Linear Algebra,86.64,100.0,B,Room 102
S1041,Alyssa Long,CS102,Advanced Mathematics,96.01,81.23,B,Room 102
S1041,Alyssa Long,CS103,Data Structures,100.0,85.91,B,Room 102
S1041,Alyssa Long,CS104,Discrete Mathematics,84.56,75.18,B,Room 102
S1041,Alyssa Long,CS105,C Language,86.55,46.32,B,Room 102
S1041,Alyssa Long,CS106,Python Programming,91.71,67.95,B,Room 102
S1042,Amy Alexander,CS101,Linear Algebra,96.68,100.0,B,Room 102
S1042,Amy Alexander,CS102,Advanced Mathematics,85.26,87.75,B,Room 102
S1042,Amy Alexander,CS103,Data Structures,83.06,52.35,B,Room 102
S1042,Amy Alexander,CS104,Discrete Mathematics,89.14,74.1,B,Room 102
S1042,Amy Alexander,CS105,C Language,97.46,53.35,B,Room 102
S1042,Amy Alexander,CS106,Python Programming,91.15,74.27,B,Room 102
S1043,Donna Flores,CS101,Linear Algebra,65.39,83.92,B,Room 102
S1043,Donna Flores,CS102,Advanced Mathematics,84.1,100.0,B,Room 102
S1043,Donna Flores,CS103,Data Structures,90.99,80.47,B,Room 102
S1043,Donna Flores,CS104,Discrete Mathematics,83.43,38.82,B,Room 102
S1043,Donna Flores,CS105,C Language,68.29,55.51,B,Room 102
S1043,Donna Flores,CS106,Python Programming,74.14,98.03,B,Room 102
S1044,Rachel Thompson,CS101,Linear Algebra,100.0,73.6,B,Room 102
S1044,Rachel Thompson,CS102,Advanced Mathematics,82.22,79.58,B,Room 102
S1044,Rachel Thompson,CS103,Data Structures,87.79,68.93,B,Room 102
S1044,Rachel Thompson,CS104,Discrete Mathematics,94.34,86.46,B,Room 102
S1044,Rachel Thompson,CS105,C Language,76.06,75.07,B,Room 102
S1044,Rachel Thompson,CS106,Python Programming,98.48,76.75,B,Room 102
S1045,Stacey Le,CS101,Linear Algebra,78.09,85.42,B,Room 102
S1045,Stacey Le,CS102,Advanced Mathematics,66.55,54.42,B,Room 102
S1045,Stacey Le,CS103,Data Structures,78.73,85.64,B,Room 102
S1045,Stacey Le,CS104,Discrete Mathematics,99.3,66.53,B,Room 102
S1045,Stacey Le,CS105,C Language,92.11,77.27,B,Room 102
S1045,Stacey Le,CS106,Python Programming,79.43,65.81,B,Room 102
S1046,Aaron White,CS101,Linear Algebra,90.17,100.0,B,Room 102
S1046,Aaron White,CS102,Advanced Mathematics,91.02,45.16,B,Room 102
S1046,Aaron White,CS103,Data Structures,97.52,63.39,B,Room 102
S1046,Aaron White,CS104,Discrete Mathematics,76.75,71.81,B,Room 102
S1046,Aaron White,CS105,C Language,93.05,64.68,B,Room 102
S1046,Aaron White,CS106,Python Programming,73.63,52.61,B,Room 102
S1047,Karen Martin,CS101,Linear Algebra,82.93,78.03,B,Room 102
S1047,Karen Martin,CS102,Advanced Mathematics,91.32,52.45,B,Room 102
S1047,Karen Martin,CS103,Data Structures,80.74,70.13,B,Room 102
S1047,Karen Martin,CS104,Discrete Mathematics,87.22,59.51,B,Room 102
S1047,Karen Martin,CS105,C Language,94.82,83.41,B,Room 102
S1047,Karen Martin,CS106,Python Programming,93.25,39.42,B,Room 102
S1048,Jesse Quinn,CS101,Linear Algebra,77.97,74.12,B,Room 102
S1048,Jesse Quinn,CS102,Advanced Mathematics,98.36,44.76,B,Room 102
S1048,Jesse Quinn,CS103,Data Structures,81.96,100.0,B,Room 102
S1048,Jesse Quinn,CS104,Discrete Mathematics,78.07,82.91,B,Room 102
S1048,Jesse Quinn,CS105,C Language,57.02,64.53,B,Room 102
S1048,Jesse Quinn,CS106,Python Programming,78.47,67.56,B,Room 102
S1049,Jennifer Mcmahon,CS101,Linear Algebra,77.16,70.97,B,Room 102
S1049,Jennifer Mcmahon,CS102,Advanced Mathematics,88.39,51.78,B,Room 102
S1049,Jennifer Mcmahon,CS103,Data Structures,68.6,69.53,B,Room 102
S1049,Jennifer Mcmahon,CS104,Discrete Mathematics,80.37,63.74,B,Room 102
S1049,Jennifer Mcmahon,CS105,C Language,100.0,68.31,B,Room 102
S1049,Jennifer Mcmahon,CS106,Python Programming,87.91,64.15,B,Room 102
S1050,Robert Rodriguez,CS101,Linear Algebra,89.74,77.28,B,Room 102
S1050,Robert Rodriguez,CS102,Advanced Mathematics,87.96,54.59,B,Room 102
S1050,Robert Rodriguez,CS103,Data Structures,88.0,89.53,B,Room 102
S1050,Robert Rodriguez,CS104,Discrete Mathematics,74.67,59.73,B,Room 102
S1050,Robert Rodriguez,CS105,C Language,93.64,69.62,B,Room 102
S1050,Robert Rodriguez,CS106,Python Programming,89.71,64.64,B,Room 102
S1051,Scott Lee,CS101,Linear Algebra,93.94,72.89,B,Room 102
S1051,Scott Lee,CS102,Advanced Mathematics,89.97,57.0,B,Room 102
S1051,Scott Lee,CS103,Data Structures,83.89,77.73,B,Room 102
S1051,Scott Lee,CS104,Discrete Mathematics,90.41,50.15,B,Room 102
S1051,Scott Lee,CS105,C Language,98.2,65.4,B,Room 102
S1051,Scott Lee,CS106,Python Programming,85.3,68.47,B,Room 102
S1052,Amanda Figueroa,CS101,Linear Algebra,90.14,73.78,B,Room 102
S1052,Amanda Figueroa,CS102,Advanced Mathematics,84.52,64.23,B,Room 102
S1052,Amanda Figueroa,CS103,Data Structures,81.45,89.63,B,Room 102
S1052,Amanda Figueroa,CS104,Discrete Mathematics,80.25,43.95,B,Room 102
S1052,Amanda Figueroa,CS105,C Language,90.8,71.82,B,Room 102
S1052,Amanda Figueroa,CS106,Python Programming,81.41,63.36,B,Room 102
S1053,Becky Ferguson,CS101,Linear Algebra,84.15,72.95,B,Room 102
S1053,Becky Ferguson,CS102,Advanced Mathematics,93.85,54.54,B,Room 102
S1053,Becky Ferguson,CS103,Data Structures,84.75,70.12,B,Room 102
S1053,Becky Ferguson,CS104,Discrete Mathematics,83.62,83.83,B,Room 102
S1053,Becky Ferguson,CS105,C Language,78.35,89.25,B,Room 102
S1053,Becky Ferguson,CS106,Python Programming,82.37,68.63,B,Room 102
S1054,Brandon Nguyen,CS101,Linear Algebra,92.31,82.62,B,Room 102
S1054,Brandon Nguyen,CS102,Advanced Mathematics,80.66,48.03,B,Room 102
S1054,Brandon Nguyen,CS103,Data Structures,100.0,58.19,B,Room 102
S1054,Brandon Nguyen,CS104,Discrete Mathematics,86.89,74.34,B,Room 102
S1054,Brandon Nguyen,CS105,C Language,97.51,47.28,B,Room 102
S1054,Brandon Nguyen,CS106,Python Programming,65.05,81.35,B,Room 102
S1055,Brian Gregory,CS101,Linear Algebra,85.94,86.3,B,Room 102
S1055,Brian Gregory,CS102,Advanced Mathematics,69.73,75.4,B,Room 102
S1055,Brian Gregory,CS103,Data Structures,86.52,76.07,B,Room 102
S1055,Brian Gregory,CS104,Discrete Mathematics,96.31,66.05,B,Room 102
S1055,Brian Gregory,CS105,C Language,92.43,79.79,B,Room 102
S1055,Brian Gregory,CS106,Python Programming,88.98,85.51,B,Room 102
S1056,Carolyn Khan,CS101,Linear Algebra,73.32,70.23,B,Room 102
S1056,Carolyn Khan,CS102,Advanced Mathematics,68.69,46.38,B,Room 102
S1056,Carolyn Khan,CS103,Data Structures,83.34,67.53,B,Room 102
S1056,Carolyn Khan,CS104,Discrete Mathematics,94.01,57.59,B,Room 102
S1056,Carolyn Khan,CS105,C Language,71.96,79.39,B,Room 102
S1056,Carolyn Khan,CS106,Python Programming,79.68,57.9,B,Room 102
S1057,Kristina Meyer,CS101,Linear Algebra,95.97,60.96,B,Room 102
S1057,Kristina Meyer,CS102,Advanced Mathematics,83.46,49.92,B,Room 102
S1057,Kristina Meyer,CS103,Data Structures,84.3,68.77,B,Room 102
S1057,Kristina Meyer,CS104,Discrete Mathematics,75.92,48.25,B,Room 102
S1057,Kristina Meyer,CS105,C Language,68.01,82.82,B,Room 102
S1057,Kristina Meyer,CS106,Python Programming,88.29,72.31,B,Room 102
S1058,Caitlin Ortiz,CS101,Linear Algebra,71.97,60.67,B,Room 102
S1058,Caitlin Ortiz,CS102,Advanced Mathematics,77.35,65.76,B,Room 102
S1058,Caitlin Ortiz,CS103,Data Structures,75.85,66.98,B,Room 102
S1058,Caitlin Ortiz,CS104,Discrete Mathematics,86.15,71.9,B,Room 102
S1058,Caitlin Ortiz,CS105,C Language,64.05,100.0,B,Room 102
S1058,Caitlin Ortiz,CS106,Python Programming,88.02,83.36,B,Room 102
S1059,Nicole Sanders,CS101,Linear Algebra,68.22,67.39,B,Room 102
S1059,Nicole Sanders,CS102,Advanced Mathematics,80.82,77.05,B,Room 102
S1059,Nicole Sanders,CS103,Data Structures,82.85,74.24,B,Room 102
S1059,Nicole Sanders,CS104,Discrete Mathematics,58.08,73.64,B,Room 102
S1059,Nicole Sanders,CS105,C Language,76.25,76.87,B,Room 102
S1059,Nicole Sanders,CS106,Python Programming,63.99,50.61,B,Room 102
S1060,Daniel Dixon,CS101,Linear Algebra,69.33,94.99,B,Room 102
S1060,Daniel Dixon,CS102,Advanced Mathematics,79.72,66.38,B,Room 102
S1060,Daniel Dixon,CS103,Data Structures,84.88,52.55,B,Room 102
S1060,Daniel Dixon,CS104,Discrete Mathematics,88.83,46.72,B,Room 102
S1060,Daniel Dixon,CS105,C Language,88.7,83.4,B,Room 102
S1060,Daniel Dixon,CS106,Python Programming,74.95,63.07,B,Room 102
S1061,Michael Rivera,CS101,Linear Algebra,77.37,86.82,B,Room 102
S1061,Michael Rivera,CS102,Advanced Mathematics,73.9,42.31,B,Room 102
S1061,Michael Rivera,CS103,Data Structures,75.81,82.53,B,Room 102
S1061,Michael Rivera,CS104,Discrete Mathematics,92.52,74.51,B,Room 102
S1061,Michael Rivera,CS105,C Language,68.13,71.44,B,Room 102
S1061,Michael Rivera,CS106,Python Programming,88.35,65.41,B,Room 102
S1062,Jessica Green,CS101,Linear Algebra,83.15,76.88,B,Room 102
S1062,Jessica Green,CS102,Advanced Mathematics,87.59,68.45,B,Room 102
S1062,Jessica Green,CS103,Data Structures,79.72,80.87,B,Room 102
S1062,Jessica Green,CS104,Discrete Mathematics,78.11,62.31,B,Room 102
S1062,Jessica Green,CS105,C Language,82.46,90.1,B,Room 102
S1062,Jessica Green,CS106,Python Programming,91.37,100.0,B,Room 102
S1063,James Williams,CS101,Linear Algebra,96.69,66.48,B,Room 102
S1063,James Williams,CS102,Advanced Mathematics,85.98,70.44,B,Room 102
S1063,James Williams,CS103,Data Structures,92.46,85.67,B,Room 102
S1063,James Williams,CS104,Discrete Mathematics,83.07,70.62,B,Room 102
S1063,James Williams,CS105,C Language,70.81,75.48,B,Room 102
S1063,James Williams,CS106,Python Programming,85.75,57.76,B,Room 102
S1064,Erika Watson,CS101,Linear Algebra,97.56,59.74,B,Room 102
S1064,Erika Watson,CS102,Advanced Mathematics,83.91,87.72,B,Room 102
S1064,Erika Watson,CS103,Data Structures,86.52,56.39,B,Room 102
S1064,Erika Watson,CS104,Discrete Mathematics,60.95,74.33,B,Room 102
S1064,Erika Watson,CS105,C Language,79.83,67.14,B,Room 102
S1064,Erika Watson,CS106,Python Programming,76.11,86.64,B,Room 102
S1065,Stephanie Morgan,CS101,Linear Algebra,81.93,59.79,B,Room 102
S1065,Stephanie Morgan,CS102,Advanced Mathematics,82.24,92.99,B,Room 102
S1065,Stephanie Morgan,CS103,Data Structures,71.4,67.19,B,Room 102
S1065,Stephanie Morgan,CS104,Discrete Mathematics,90.91,93.29,B,Room 102
S1065,Stephanie Morgan,CS105,C Language,89.49,65.96,B,Room 102
S1065,Stephanie Morgan,CS106,Python Programming,97.7,59.85,B,Room 102
S1066,Amber Garcia,CS101,Linear Algebra,100.0,89.12,B,Room 102
S1066,Amber Garcia,CS102,Advanced Mathematics,96.48,69.29,B,Room 102
S1066,Amber Garcia,CS103,Data Structures,100.0,64.66,B,Room 102
S1066,Amber Garcia,CS104,Discrete Mathematics,68.41,74.28,B,Room 102
S1066,Amber Garcia,CS105,C Language,74.79,73.81,B,Room 102
S1066,Amber Garcia,CS106,Python Programming,80.46,59.51,B,Room 102
S1067,Dana Lopez,CS101,Linear Algebra,79.14,55.98,C,Room 103
S1067,Dana Lopez,CS102,Advanced Mathematics,74.18,50.52,C,Room 103
S1067,Dana Lopez,CS103,Data Structures,82.93,62.8,C,Room 103
S1067,Dana Lopez,CS104,Discrete Mathematics,74.55,69.08,C,Room 103
S1067,Dana Lopez,CS105,C Language,74.76,57.15,C,Room 103
S1067,Dana Lopez,CS106,Python Programming,100.0,74.07,C,Room 103
S1068,Stacey Johnson,CS101,Linear Algebra,95.88,100.0,C,Room 103
S1068,Stacey Johnson,CS102,Advanced Mathematics,68.75,65.41,C,Room 103
S1068,Stacey Johnson,CS103,Data Structures,99.04,40.93,C,Room 103
S1068,Stacey Johnson,CS104,Discrete Mathematics,76.43,76.82,C,Room 103
S1068,Stacey Johnson,CS105,C Language,81.47,48.84,C,Room 103
S1068,Stacey Johnson,CS106,Python Programming,78.9,69.33,C,Room 103
S1069,Robert Matthews,CS101,Linear Algebra,91.65,50.87,C,Room 103
S1069,Robert Matthews,CS102,Advanced Mathematics,89.52,80.8,C,Room 103
S1069,Robert Matthews,CS103,Data Structures,92.95,63.26,C,Room 103
S1069,Robert Matthews,CS104,Discrete Mathematics,92.47,73.35,C,Room 103
S1069,Robert Matthews,CS105,C Language,93.75,76.38,C,Room 103
S1069,Robert Matthews,CS106,Python Programming,72.62,85.15,C,Room 103
S1070,Joseph Smith,CS101,Linear Algebra,98.82,40.88,C,Room 103
S1070,Joseph Smith,CS102,Advanced Mathematics,79.89,50.7,C,Room 103
S1070,Joseph Smith,CS103,Data Structures,83.4,100.0,C,Room 103
S1070,Joseph Smith,CS104,Discrete Mathematics,69.31,61.53,C,Room 103
S1070,Joseph Smith,CS105,C Language,97.91,48.64,C,Room 103
S1070,Joseph Smith,CS106,Python Programming,92.55,66.6,C,Room 103
S1071,David Bush,CS101,Linear Algebra,80.24,86.92,C,Room 103
S1071,David Bush,CS102,Advanced Mathematics,86.83,45.19,C,Room 103
S1071,David Bush,CS103,Data Structures,100.0,84.52,C,Room 103
S1071,David Bush,CS104,Discrete Mathematics,94.39,55.25,C,Room 103
S1071,David Bush,CS105,C Language,82.46,65.76,C,Room 103
S1071,David Bush,CS106,Python Programming,84.92,84.9,C,Room 103
S1072,Ronald Romero,CS101,Linear Algebra,87.0,69.86,C,Room 103
S1072,Ronald Romero,CS102,Advanced Mathematics,88.1,76.73,C,Room 103
S1072,Ronald Romero,CS103,Data Structures,92.86,55.94,C,Room 103
S1072,Ronald Romero,CS104,Discrete Mathematics,72.6,68.83,C,Room 103
S1072,Ronald Romero,CS105,C Language,100.0,62.84,C,Room 103
S1072,Ronald Romero,CS106,Python Programming,85.87,63.54,C,Room 103
S1073,David Bowen,CS101,Linear Algebra,88.26,77.77,C,Room 103
S1073,David Bowen,CS102,Advanced Mathematics,78.75,74.83,C,Room 103
S1073,David Bowen,CS103,Data Structures,83.79,99.9,C,Room 103
S1073,David Bowen,CS104,Discrete Mathematics,92.69,52.93,C,Room 103
S1073,David Bowen,CS105,C Language,83.97,82.09,C,Room 103
S1073,David Bowen,CS106,Python Programming,100.0,78.08,C,Room 103
S1074,James Watson,CS101,Linear Algebra,74.33,59.44,C,Room 103
S1074,James Watson,CS102,Advanced Mathematics,86.95,69.18,C,Room 103
S1074,James Watson,CS103,Data Structures,75.96,69.7,C,Room 103
S1074,James Watson,CS104,Discrete Mathematics,72.3,81.02,C,Room 103
S1074,James Watson,CS105,C Language,82.6,90.48,C,Room 103
S1074,James Watson,CS106,Python Programming,79.01,52.23,C,Room 103
S1075,David Anderson,CS101,Linear Algebra,71.57,70.42,C,Room 103
S1075,David Anderson,CS102,Advanced Mathematics,86.53,86.58,C,Room 103
S1075,David Anderson,CS103,Data Structures,83.54,87.21,C,Room 103
S1075,David Anderson,CS104,Discrete Mathematics,72.25,67.15,C,Room 103
S1075,David Anderson,CS105,C Language,90.73,58.12,C,Room 103
S1075,David Anderson,CS106,Python Programming,100.0,71.25,C,Room 103
S1076,Jade Jones,CS101,Linear Algebra,75.89,76.22,C,Room 103
S1076,Jade Jones,CS102,Advanced Mathematics,74.68,66.76,C,Room 103
S1076,Jade Jones,CS103,Data Structures,88.75,42.54,C,Room 103
S1076,Jade Jones,CS104,Discrete Mathematics,82.33,86.57,C,Room 103
S1076,Jade Jones,CS105,C Language,75.79,48.13,C,Room 103
S1076,Jade Jones,CS106,Python Programming,100.0,39.19,C,Room 103
S1077,Robert Gillespie,CS101,Linear Algebra,74.42,55.14,C,Room 103
S1077,Robert Gillespie,CS102,Advanced Mathematics,93.77,85.44,C,Room 103
S1077,Robert Gillespie,CS103,Data Structures,95.18,72.5,C,Room 103
S1077,Robert Gillespie,CS104,Discrete Mathematics,68.47,79.27,C,Room 103
S1077,Robert Gillespie,CS105,C Language,92.11,30.0,C,Room 103
S1077,Robert Gillespie,CS106,Python Programming,65.0,65.93,C,Room 103
S1078,Debra Evans,CS101,Linear Algebra,91.69,78.44,C,Room 103
S1078,Debra Evans,CS102,Advanced Mathematics,89.02,82.64,C,Room 103
S1078,Debra Evans,CS103,Data Structures,90.17,59.67,C,Room 103
S1078,Debra Evans,CS104,Discrete Mathematics,86.97,100.0,C,Room 103
S1078,Debra Evans,CS105,C Language,91.56,61.82,C,Room 103
S1078,Debra Evans,CS106,Python Programming,96.62,85.13,C,Room 103
S1079,Jennifer Collins,CS101,Linear Algebra,83.7,69.6,C,Room 103
S1079,Jennifer Collins,CS102,Advanced Mathematics,74.51,63.41,C,Room 103
S1079,Jennifer Collins,CS103,Data Structures,87.99,51.41,C,Room 103
S1079,Jennifer Collins,CS104,Discrete Mathematics,96.47,56.62,C,Room 103
S1079,Jennifer Collins,CS105,C Language,64.38,73.88,C,Room 103
S1079,Jennifer Collins,CS106,Python Programming,78.58,82.51,C,Room 103
S1080,Lisa Warner,CS101,Linear Algebra,79.28,76.91,C,Room 103
S1080,Lisa Warner,CS102,Advanced Mathematics,100.0,82.24,C,Room 103
S1080,Lisa Warner,CS103,Data Structures,78.23,76.3,C,Room 103
S1080,Lisa Warner,CS104,Discrete Mathematics,100.0,68.5,C,Room 103
S1080,Lisa Warner,CS105,C Language,100.0,76.29,C,Room 103
S1080,Lisa Warner,CS106,Python Programming,93.62,56.5,C,Room 103
S1081,Daniel Allen,CS101,Linear Algebra,79.74,84.04,C,Room 103
S1081,Daniel Allen,CS102,Advanced Mathematics,67.8,90.84,C,Room 103
S1081,Daniel Allen,CS103,Data Structures,100.0,83.37,C,Room 103
S1081,Daniel Allen,CS104,Discrete Mathematics,84.81,32.88,C,Room 103
S1081,Daniel Allen,CS105,C Language,75.08,84.83,C,Room 103
S1081,Daniel Allen,CS106,Python Programming,75.49,85.27,C,Room 103
S1082,Janet Allen,CS101,Linear Algebra,87.21,71.18,C,Room 103
S1082,Janet Allen,CS102,Advanced Mathematics,85.32,54.01,C,Room 103
S1082,Janet Allen,CS103,Data Structures,81.02,48.72,C,Room 103
S1082,Janet Allen,CS104,Discrete Mathematics,81.57,74.59,C,Room 103
S1082,Janet Allen,CS105,C Language,79.55,68.19,C,Room 103
S1082,Janet Allen,CS106,Python Programming,100.0,76.88,C,Room 103
S1083,Joe Hartman,CS101,Linear Algebra,90.67,64.16,C,Room 103
S1083,Joe Hartman,CS102,Advanced Mathematics,89.36,100.0,C,Room 103
S1083,Joe Hartman,CS103,Data Structures,76.02,75.22,C,Room 103
S1083,Joe Hartman,CS104,Discrete Mathematics,88.85,74.59,C,Room 103
S1083,Joe Hartman,CS105,C Language,93.87,88.68,C,Room 103
S1083,Joe Hartman,CS106,Python Programming,86.37,72.7,C,Room 103
S1084,Karl Foster,CS101,Linear Algebra,89.29,61.34,C,Room 103
S1084,Karl Foster,CS102,Advanced Mathematics,70.56,77.78,C,Room 103
S1084,Karl Foster,CS103,Data Structures,82.24,81.99,C,Room 103
S1084,Karl Foster,CS104,Discrete Mathematics,86.82,100.0,C,Room 103
S1084,Karl Foster,CS105,C Language,92.79,59.85,C,Room 103
S1084,Karl Foster,CS106,Python Programming,100.0,91.92,C,Room 103
S1085,Kelsey Quinn,CS101,Linear Algebra,70.9,61.33,C,Room 103
S1085,Kelsey Quinn,CS102,Advanced Mathematics,94.53,91.67,C,Room 103
S1085,Kelsey Quinn,CS103,Data Structures,76.67,87.9,C,Room 103
S1085,Kelsey Quinn,CS104,Discrete Mathematics,88.3,77.08,C,Room 103
S1085,Kelsey Quinn,CS105,C Language,87.54,63.59,C,Room 103
S1085,Kelsey Quinn,CS106,Python Programming,68.38,68.31,C,Room 103
S1086,Nicholas Hayes,CS101,Linear Algebra,88.46,57.05,C,Room 103
S1086,Nicholas Hayes,CS102,Advanced Mathematics,85.08,69.33,C,Room 103
S1086,Nicholas Hayes,CS103,Data Structures,86.59,70.4,C,Room 103
S1086,Nicholas Hayes,CS104,Discrete Mathematics,74.54,64.96,C,Room 103
S1086,Nicholas Hayes,CS105,C Language,97.99,65.16,C,Room 103
S1086,Nicholas Hayes,CS106,Python Programming,93.6,77.61,C,Room 103
S1087,John Mejia,CS101,Linear Algebra,90.78,96.17,C,Room 103
S1087,John Mejia,CS102,Advanced Mathematics,88.77,72.09,C,Room 103
S1087,John Mejia,CS103,Data Structures,95.9,66.97,C,Room 103
S1087,John Mejia,CS104,Discrete Mathematics,80.29,46.65,C,Room 103
S1087,John Mejia,CS105,C Language,79.59,86.26,C,Room 103
S1087,John Mejia,CS106,Python Programming,78.61,81.82,C,Room 103
S1088,April Johnson,CS101,Linear Algebra,93.09,67.48,C,Room 103
S1088,April Johnson,CS102,Advanced Mathematics,73.36,72.21,C,Room 103
S1088,April Johnson,CS103,Data Structures,93.91,79.91,C,Room 103
S1088,April Johnson,CS104,Discrete Mathematics,100.0,62.57,C,Room 103
S1088,April Johnson,CS105,C Language,83.13,50.13,C,Room 103
S1088,April Johnson,CS106,Python Programming,76.49,38.27,C,Room 103
S1089,Chase Cooper,CS101,Linear Algebra,94.6,60.33,C,Room 103
S1089,Chase Cooper,CS102,Advanced Mathematics,86.6,54.4,C,Room 103
S1089,Chase Cooper,CS103,Data Structures,100.0,94.73,C,Room 103
S1089,Chase Cooper,CS104,Discrete Mathematics,79.61,100.0,C,Room 103
S1089,Chase Cooper,CS105,C Language,83.29,39.73,C,Room 103
S1089,Chase Cooper,CS106,Python Programming,76.31,58.24,C,Room 103
S1090,James Singh,CS101,Linear Algebra,90.26,57.78,C,Room 103
S1090,James Singh,CS102,Advanced Mathematics,77.35,100.0,C,Room 103
S1090,James Singh,CS103,Data Structures,83.31,75.89,C,Room 103
S1090,James Singh,CS104,Discrete Mathematics,97.22,73.19,C,Room 103
S1090,James Singh,CS105,C Language,75.5,46.27,C,Room 103
S1090,James Singh,CS106,Python Programming,64.44,76.33,C,Room 103
S1091,Laura Alvarez,CS101,Linear Algebra,90.53,42.03,C,Room 103
S1091,Laura Alvarez,CS102,Advanced Mathematics,95.1,74.58,C,Room 103
S1091,Laura Alvarez,CS103,Data Structures,88.95,77.54,C,Room 103
S1091,Laura Alvarez,CS104,Discrete Mathematics,100.0,73.19,C,Room 103
S1091,Laura Alvarez,CS105,C Language,70.27,96.4,C,Room 103
S1091,Laura Alvarez,CS106,Python Programming,93.26,36.52,C,Room 103
S1092,James Johnson MD,CS101,Linear Algebra,100.0,74.4,C,Room 103
S1092,James Johnson MD,CS102,Advanced Mathematics,86.81,81.27,C,Room 103
S1092,James Johnson MD,CS103,Data Structures,90.19,68.12,C,Room 103
S1092,James Johnson MD,CS104,Discrete Mathematics,100.0,84.92,C,Room 103
S1092,James Johnson MD,CS105,C Language,68.6,79.62,C,Room 103
S1092,James Johnson MD,CS106,Python Programming,72.79,57.98,C,Room 103
S1093,Tracey Hicks,CS101,Linear Algebra,74.59,81.92,C,Room 103
S1093,Tracey Hicks,CS102,Advanced Mathematics,80.7,61.71,C,Room 103
S1093,Tracey Hicks,CS103,Data Structures,84.92,43.88,C,Room 103
S1093,Tracey Hicks,CS104,Discrete Mathematics,84.13,80.21,C,Room 103
S1093,Tracey Hicks,CS105,C Language,83.85,64.58,C,Room 103
S1093,Tracey Hicks,CS106,Python Programming,76.82,73.05,C,Room 103
S1094,Nicole Castillo,CS101,Linear Algebra,78.47,74.25,C,Room 103
S1094,Nicole Castillo,CS102,Advanced Mathematics,94.18,58.51,C,Room 103
S1094,Nicole Castillo,CS103,Data Structures,66.01,74.56,C,Room 103
S1094,Nicole Castillo,CS104,Discrete Mathematics,70.86,95.22,C,Room 103
S1094,Nicole Castillo,CS105,C Language,71.39,64.95,C,Room 103
S1094,Nicole Castillo,CS106,Python Programming,87.59,77.14,C,Room 103
S1095,Amy Velazquez,CS101,Linear Algebra,85.36,67.69,C,Room 103
S1095,Amy Velazquez,CS102,Advanced Mathematics,97.58,44.85,C,Room 103
S1095,Amy Velazquez,CS103,Data Structures,89.04,30.0,C,Room 103
S1095,Amy Velazquez,CS104,Discrete Mathematics,82.63,69.12,C,Room 103
S1095,Amy Velazquez,CS105,C Language,93.51,70.74,C,Room 103
S1095,Amy Velazquez,CS106,Python Programming,92.05,52.03,C,Room 103
S1096,Patricia Ryan,CS101,Linear Algebra,90.83,45.52,C,Room 103
S1096,Patricia Ryan,CS102,Advanced Mathematics,73.32,57.19,C,Room 103
S1096,Patricia Ryan,CS103,Data Structures,100.0,66.33,C,Room 103
S1096,Patricia Ryan,CS104,Discrete Mathematics,67.22,59.81,C,Room 103
S1096,Patricia Ryan,CS105,C Language,70.56,72.5,C,Room 103
S1096,Patricia Ryan,CS106,Python Programming,100.0,77.74,C,Room 103
S1097,Karen Wise DVM,CS101,Linear Algebra,91.0,67.68,C,Room 103
S1097,Karen Wise DVM,CS102,Advanced Mathematics,95.78,64.86,C,Room 103
S1097,Karen Wise DVM,CS103,Data Structures,82.02,74.01,C,Room 103
S1097,Karen Wise DVM,CS104,Discrete Mathematics,85.22,81.79,C,Room 103
S1097,Karen Wise DVM,CS105,C Language,82.6,81.83,C,Room 103
S1097,Karen Wise DVM,CS106,Python Programming,78.45,72.22,C,Room 103
S1098,Daniel Cook,CS101,Linear Algebra,81.29,57.5,C,Room 103
S1098,Daniel Cook,CS102,Advanced Mathematics,83.88,82.36,C,Room 103
S1098,Daniel Cook,CS103,Data Structures,90.09,64.56,C,Room 103
S1098,Daniel Cook,CS104,Discrete Mathematics,97.29,70.93,C,Room 103
S1098,Daniel Cook,CS105,C Language,75.15,66.8,C,Room 103
S1098,Daniel Cook,CS106,Python Programming,82.5,47.98,C,Room 103
S1099,Kathy Landry,CS101,Linear Algebra,66.56,42.43,C,Room 103
S1099,Kathy Landry,CS102,Advanced Mathematics,98.05,70.31,C,Room 103
S1099,Kathy Landry,CS103,Data Structures,72.38,62.13,C,Room 103
S1099,Kathy Landry,CS104,Discrete Mathematics,69.77,65.84,C,Room 103
S1099,Kathy Landry,CS105,C Language,84.04,61.41,C,Room 103
S1099,Kathy Landry,CS106,Python Programming,83.38,31.9,C,Room 103
